57,40,0,2.616493581969793e-85
40,57,0,2.6164935819699416e-85
32,31,0,4.4525337914132114e-85
31,32,0,4.452533791414099e-85
49,56,0,6.07824742589964e-85
56,49,0,6.07824742589964e-85
40,38,0,7.828398174066033e-80
38,40,0,7.828398174066477e-80
55,49,0,1.6641955169561895e-76
49,55,0,1.664195516956521e-76
37,41,0,7.919166023096427e-69
41,37,0,7.919166023096427e-69
29,29,1,1.5725148031128944e-66
9,12,0,1.81915980344916e-63
12,9,0,1.81915980344916e-63
32,32,1,6.563179553656759e-63
36,36,1,1.6594641610009949e-62
44,48,0,2.3076511457648373e-61
48,44,0,2.3076511457648373e-61
42,59,0,5.085820642453954e-60
59,42,0,5.085820642453954e-60
28,28,1,1.3222363439939086e-59
41,59,0,2.0970178900786145e-54
59,41,0,2.0970178900786145e-54
41,42,0,3.411139621272086e-53
42,41,0,3.411139621272329e-53
30,30,1,5.094419722831291e-53
27,27,1,7.290726653737072e-53
26,26,1,1.1315120087458799e-52
56,55,0,1.9459237944636126e-52
55,56,0,1.9459237944638066e-52
40,42,0,2.345463443356201e-51
42,40,0,2.345463443356368e-51
47,41,0,1.3591814506228098e-49
41,47,0,1.3591814506229066e-49
44,47,0,5.948716346422067e-48
47,44,0,5.948716346422067e-48
57,42,0,1.2912229520129467e-47
42,57,0,1.2912229520131492e-47
40,43,0,2.0990835907212577e-47
43,40,0,2.099083590721587e-47
19,2,0,3.1601783520867833e-47
2,19,0,3.1601783520872782e-47
56,14,0,1.508372018129919e-46
14,56,0,1.5083720181300482e-46
33,33,1,1.1786889765723256e-45
34,34,1,9.541668594859065e-45
57,43,0,2.290565571410154e-44
43,57,0,2.2905655714103174e-44
47,55,0,1.7231301945374465e-42
55,47,0,1.7231301945374465e-42
35,35,1,2.9948626927587317e-41
3,5,0,4.185861408675546e-41
5,3,0,4.185861408676202e-41
4,25,0,1.4970550876828896e-40
25,4,0,1.4970550876828896e-40
43,44,0,2.1511429214657106e-40
44,43,0,2.1511429214657106e-40
43,45,0,6.123097841148835e-40
45,43,0,6.123097841148835e-40
43,47,0,2.3498158691957082e-38
47,43,0,2.3498158691958758e-38
47,48,0,3.3797682936714135e-38
48,47,0,3.3797682936714135e-38
49,43,0,2.5989150657800904e-37
43,49,0,2.598915065780202e-37
31,33,0,7.004940595563576e-36
33,31,0,7.004940595563576e-36
5,7,0,3.522003572191067e-35
7,5,0,3.522003572191067e-35
59,57,0,6.090786506040163e-35
57,59,0,6.090786506040338e-35
5,18,0,2.7563349162165406e-34
18,5,0,2.7563349162165406e-34
47,49,0,2.81906109182935e-34
49,47,0,2.81906109182935e-34
43,54,0,6.226979772466282e-33
54,43,0,6.226979772466282e-33
28,32,1,2.477059945460614e-32
9,58,0,3.801019604540014e-32
58,9,0,3.801019604540014e-32
5,12,0,3.832868282377158e-32
12,5,0,3.832868282377158e-32
41,44,0,5.796748131084298e-32
44,41,0,5.796748131084298e-32
24,12,0,8.078594311397354e-32
12,24,0,8.078594311397817e-32
57,44,0,5.616796163803568e-31
44,57,0,5.616796163803889e-31
1,20,0,1.384981462286991e-29
20,1,0,1.384981462286991e-29
14,49,0,2.927903486695839e-29
49,14,0,2.927903486695965e-29
15,16,0,7.030446140195172e-29
16,15,0,7.030446140195172e-29
12,58,0,6.319615918006644e-28
58,12,0,6.319615918006644e-28
43,56,0,1.7699241646320858e-27
56,43,0,1.7699241646320858e-27
5,9,0,6.885551094381778e-27
9,5,0,6.885551094381977e-27
47,52,0,1.2272478997632355e-26
52,47,0,1.2272478997632355e-26
37,59,0,1.2513444045301592e-26
59,37,0,1.25134440453024e-26
37,47,0,1.604330793735793e-25
47,37,0,1.604330793735793e-25
5,8,0,2.1029933318110796e-25
8,5,0,2.1029933318111402e-25
31,28,0,2.65314973732545e-25
28,31,0,2.653149737325717e-25
41,55,0,3.0303994760337144e-25
55,41,0,3.0303994760337144e-25
7,3,0,4.30950437082763e-25
3,7,0,4.3095043708276915e-25
54,40,0,4.459370552595805e-25
40,54,0,4.45937055259606e-25
9,23,0,9.029240401863609e-25
23,9,0,9.029240401863803e-25
3,8,0,1.0535328918092582e-24
8,3,0,1.0535328918092582e-24
3,12,0,1.451430198172757e-24
12,3,0,1.4514301981728194e-24
0,58,0,5.716023465342212e-24
58,0,0,5.716023465342212e-24
48,43,0,7.387738371077122e-24
43,48,0,7.387738371077492e-24
13,39,0,1.0765463249987278e-23
39,13,0,1.0765463249987278e-23
12,8,0,1.1137666308493015e-23
8,12,0,1.1137666308493415e-23
45,49,0,2.0421212740245607e-23
49,45,0,2.0421212740245607e-23
54,38,0,2.4600779285589384e-23
38,54,0,2.460077928559027e-23
37,42,0,2.6372297258343252e-23
42,37,0,2.637229725834515e-23
33,32,0,2.743219778187592e-23
32,33,0,2.74321977818763e-23
8,9,0,4.178987896189841e-23
9,8,0,4.178987896189841e-23
31,31,1,5.822950998157319e-23
40,59,0,3.23884161072864e-22
59,40,0,3.23884161072864e-22
31,30,0,4.516340322071168e-22
30,31,0,4.51634032207133e-22
40,44,0,7.927600726971002e-22
44,40,0,7.927600726971342e-22
48,41,0,1.1117742581237689e-21
41,48,0,1.111774258123793e-21
47,57,0,1.255030455157065e-21
57,47,0,1.255030455157074e-21
47,56,0,1.3887980114357755e-21
56,47,0,1.3887980114357952e-21
38,43,0,1.4659347471262502e-21
43,38,0,1.4659347471262502e-21
57,56,0,1.725166221892411e-21
56,57,0,1.725166221892474e-21
30,32,0,1.876939174768033e-21
32,30,0,1.876939174768033e-21
41,52,0,3.613159736867131e-21
52,41,0,3.613159736867131e-21
32,34,0,4.827412556139911e-21
34,32,0,4.827412556139911e-21
15,15,1,1.0754494063761693e-20
32,28,0,1.6678333059756368e-20
38,57,0,1.701814075280687e-20
57,38,0,1.701814075280748e-20
44,56,0,2.6314454784800504e-20
56,44,0,2.6314454784800504e-20
39,43,0,8.864143289466867e-20
43,39,0,8.864143289467057e-20
19,18,0,1.308739978481098e-19
18,19,0,1.3087399784811172e-19
45,56,0,1.4088856410532848e-19
56,45,0,1.4088856410532848e-19
45,40,0,1.6718812376870153e-19
40,45,0,1.6718812376870275e-19
37,56,0,1.7830927152185778e-19
56,37,0,1.7830927152185778e-19
44,49,0,3.051851585440987e-19
49,44,0,3.05185158544112e-19
10,58,0,4.685941114374564e-19
58,10,0,4.685941114374564e-19
28,36,0,5.350486245282265e-19
36,28,0,5.35048624528242e-19
57,45,0,5.4395638468087375e-19
45,57,0,5.439563846808932e-19
57,57,1,5.608986720553753e-19
42,47,0,2.1386891063976554e-18
47,42,0,2.138689106397702e-18
35,32,0,2.208105483580623e-18
32,35,0,2.2081054835807183e-18
55,44,0,3.640131508652072e-18
44,55,0,3.6401315086521505e-18
48,54,0,3.7552008377678145e-18
54,48,0,3.7552008377678145e-18
54,57,0,4.183663083702228e-18
57,54,0,4.183663083702228e-18
37,55,0,4.215632979869656e-18
55,37,0,4.2156329798698684e-18
13,16,0,5.790928469737365e-18
16,13,0,5.790928469737365e-18
3,9,0,1.1865799223350624e-17
9,3,0,1.1865799223350796e-17
44,42,0,1.645066491551252e-17
42,44,0,1.6450664915512644e-17
28,30,0,1.733358871706351e-17
30,28,0,1.733358871706376e-17
55,52,0,2.0721721149061172e-17
52,55,0,2.0721721149061468e-17
1,43,0,3.409029395900437e-17
43,1,0,3.40902939590051e-17
47,59,0,4.211752526084124e-17
59,47,0,4.211752526084215e-17
6,50,0,8.385389465698911e-17
50,6,0,8.385389465699093e-17
0,9,0,8.997757251237796e-17
9,0,0,8.997757251237796e-17
57,49,0,9.705706301683572e-17
49,57,0,9.705706301683853e-17
8,17,0,3.715140082033111e-16
17,8,0,3.715140082033111e-16
52,10,0,3.943609284464463e-16
10,52,0,3.943609284464492e-16
57,41,0,4.0138884120184873e-16
41,57,0,4.0138884120186027e-16
49,52,0,4.3804609818013364e-16
52,49,0,4.3804609818013364e-16
50,50,1,7.862248092351875e-16
14,3,0,9.322120036149512e-16
3,14,0,9.322120036149715e-16
23,24,0,1.0034689025846662e-15
24,23,0,1.0034689025846808e-15
39,53,0,1.0482579952722086e-15
53,39,0,1.0482579952722086e-15
46,59,0,1.4188047459523374e-15
59,46,0,1.4188047459523374e-15
48,57,0,1.4208157395759209e-15
57,48,0,1.420815739575977e-15
17,18,0,2.127839893826858e-15
18,17,0,2.127839893826904e-15
48,58,0,3.848764965048354e-15
58,48,0,3.8487649650483956e-15
44,59,0,3.864750511330228e-15
59,44,0,3.864750511330228e-15
34,31,0,3.993866962893587e-15
31,34,0,3.993866962893674e-15
40,41,0,4.058670770058589e-15
41,40,0,4.058670770058589e-15
6,51,0,4.9711879839995135e-15
51,6,0,4.9711879839995135e-15
14,22,0,5.9626369447391426e-15
22,14,0,5.9626369447391426e-15
11,5,0,5.987921162142676e-15
5,11,0,5.987921162142742e-15
43,53,0,6.243691937363075e-15
53,43,0,6.243691937363075e-15
37,37,1,8.981284534394068e-15
21,21,1,1.3755984137619342e-14
52,57,0,1.7785906847386633e-14
57,52,0,1.7785906847386825e-14
42,52,0,2.0713870632906318e-14
52,42,0,2.0713870632906766e-14
24,9,0,3.8265229489035504e-14
9,24,0,3.82652294890362e-14
39,41,0,4.129574942225654e-14
41,39,0,4.129574942225654e-14
1,14,0,5.50487279358257e-14
14,1,0,5.50487279358257e-14
6,43,0,6.426404617474569e-14
43,6,0,6.426404617474685e-14
25,45,0,7.272822563784715e-14
45,25,0,7.272822563784715e-14
43,55,0,7.409919009515069e-14
55,43,0,7.409919009515148e-14
47,45,0,9.849170310196254e-14
45,47,0,9.849170310196718e-14
43,41,0,9.936174016725671e-14
41,43,0,9.936174016725779e-14
59,52,0,1.0491333734588064e-13
52,59,0,1.0491333734588365e-13
32,57,3,1.1431564397315713e-13
44,54,0,1.3141693898994806e-13
54,44,0,1.3141693898994947e-13
45,42,0,1.9048770261376973e-13
42,45,0,1.9048770261376976e-13
58,40,0,2.1710364920619824e-13
40,58,0,2.171036492062022e-13
18,23,0,2.238033792240688e-13
23,18,0,2.2380337922406883e-13
7,9,0,3.4243267883342907e-13
9,7,0,3.424326788334353e-13
13,11,0,3.731512320491723e-13
11,13,0,3.731512320491764e-13
45,45,1,6.002068819132449e-13
9,10,0,7.698675557725741e-13
10,9,0,7.698675557725882e-13
58,24,0,8.151540557464023e-13
24,58,0,8.15154055746417e-13
23,12,0,1.028842177884783e-12
12,23,0,1.0288421778848016e-12
9,11,0,1.481017373747998e-12
11,9,0,1.481017373747998e-12
41,53,0,1.6474055646093586e-12
53,41,0,1.6474055646093586e-12
42,54,0,2.3045964339643256e-12
54,42,0,2.304596433964326e-12
15,17,0,2.309753724751772e-12
17,15,0,2.3097537247517885e-12
25,43,0,2.7065099246895915e-12
43,25,0,2.7065099246895915e-12
0,12,0,2.7288193435667527e-12
12,0,0,2.728819343566782e-12
21,22,0,3.703160536688864e-12
22,21,0,3.703160536688864e-12
53,42,0,3.822808579834013e-12
42,53,0,3.822808579834083e-12
0,10,0,4.072560577319079e-12
10,0,0,4.072560577319079e-12
27,31,0,4.463200331489763e-12
31,27,0,4.463200331489763e-12
51,47,0,4.554335103689413e-12
47,51,0,4.554335103689462e-12
49,51,0,4.8225461689334765e-12
51,49,0,4.822546168933564e-12
52,0,0,5.315123872271475e-12
0,52,0,5.31512387227161e-12
11,58,0,5.880072568088431e-12
58,11,0,5.8800725680885375e-12
9,52,0,5.971933831285456e-12
52,9,0,5.971933831285456e-12
32,43,3,6.1375694795520825e-12
44,52,0,6.373109807799351e-12
52,44,0,6.373109807799351e-12
44,37,0,6.8066389618151574e-12
37,44,0,6.8066389618152794e-12
39,49,0,7.38765388049828e-12
49,39,0,7.387653880498415e-12
58,58,1,7.569286660447281e-12
55,14,0,7.640942050693287e-12
14,55,0,7.640942050693368e-12
43,42,0,8.827564476553972e-12
42,43,0,8.827564476554199e-12
57,39,0,1.2090731812828726e-11
39,57,0,1.2090731812829033e-11
11,19,0,1.3455131736928343e-11
19,11,0,1.3455131736928343e-11
38,42,0,1.709411328263446e-11
42,38,0,1.709411328263446e-11
40,53,0,1.7844286003708906e-11
53,40,0,1.7844286003709035e-11
12,10,0,2.1804058222793277e-11
10,12,0,2.1804058222793432e-11
29,34,0,2.1928324911993012e-11
34,29,0,2.1928324911993012e-11
43,50,0,2.280123129005185e-11
50,43,0,2.280123129005185e-11
23,13,0,3.080165496333199e-11
13,23,0,3.080165496333222e-11
34,36,0,3.800887300960074e-11
36,34,0,3.8008873009601145e-11
57,58,0,4.1762795315127273e-11
58,57,0,4.1762795315127273e-11
44,45,0,4.8972081897101627e-11
45,44,0,4.897208189710198e-11
23,25,0,9.156647303959089e-11
25,23,0,9.156647303959089e-11
43,52,0,9.400914874038151e-11
52,43,0,9.400914874038151e-11
6,25,0,9.465967103457575e-11
25,6,0,9.465967103457575e-11
40,39,0,9.719744413364655e-11
39,40,0,9.719744413364758e-11
56,59,0,9.808894338817477e-11
59,56,0,9.808894338817477e-11
1,10,0,1.037929740068977e-10
10,1,0,1.0379297400689845e-10
5,19,0,1.0711037142626037e-10
19,5,0,1.071103714262623e-10
27,28,0,1.1285888596840212e-10
28,27,0,1.1285888596840213e-10
5,4,0,1.1579046840447729e-10
4,5,0,1.1579046840447854e-10
25,7,0,1.4371713607568956e-10
7,25,0,1.4371713607569168e-10
47,53,0,1.467102589959502e-10
53,47,0,1.467102589959502e-10
31,35,0,1.4692706173053258e-10
35,31,0,1.4692706173053472e-10
59,55,0,1.6793649667945066e-10
55,59,0,1.6793649667945314e-10
37,58,0,1.886208635805878e-10
58,37,0,1.886208635805878e-10
11,44,0,2.2378473733479509e-10
44,11,0,2.2378473733479509e-10
51,55,0,2.702553703881589e-10
55,51,0,2.702553703881638e-10
27,33,0,2.7097382794283655e-10
33,27,0,2.7097382794284545e-10
53,38,0,2.7110203580111356e-10
38,53,0,2.7110203580111547e-10
9,4,0,2.8338466666954573e-10
4,9,0,2.833846666695478e-10
52,58,0,3.2923221404924434e-10
58,52,0,3.2923221404924434e-10
41,38,0,3.358250681334076e-10
38,41,0,3.3582506813341e-10
17,19,0,3.383483134856913e-10
19,17,0,3.3834831348569386e-10
40,47,0,4.1852789507798936e-10
47,40,0,4.1852789507799996e-10
23,23,1,4.32352722885116e-10
11,23,0,4.924717501943518e-10
23,11,0,4.924717501943591e-10
54,41,0,5.015714677310819e-10
41,54,0,5.015714677310893e-10
13,26,0,6.086773918893213e-10
26,13,0,6.086773918893213e-10
4,12,0,6.564529632237363e-10
12,4,0,6.564529632237363e-10
42,39,0,9.83370540247057e-10
39,42,0,9.833705402470642e-10
52,45,0,1.1356647730560754e-09
45,52,0,1.1356647730560876e-09
48,42,0,1.2529705445704363e-09
42,48,0,1.2529705445704454e-09
2,4,0,1.3111188915244797e-09
4,2,0,1.3111188915244797e-09
44,38,0,1.4026223530250446e-09
38,44,0,1.4026223530250551e-09
46,1,0,1.5298268414666355e-09
1,46,0,1.5298268414666467e-09
37,53,0,1.6939544702572031e-09
53,37,0,1.6939544702572155e-09
15,21,0,1.803069788445828e-09
21,15,0,1.803069788445841e-09
16,17,0,1.9177222865462285e-09
17,16,0,1.9177222865462566e-09
52,56,0,2.5855185392480565e-09
56,52,0,2.5855185392480565e-09
48,40,0,2.890356024485601e-09
40,48,0,2.890356024485643e-09
7,18,0,3.322288080250108e-09
18,7,0,3.322288080250108e-09
25,1,0,3.484261365602392e-09
1,25,0,3.4842613656024434e-09
53,58,0,4.466000032831457e-09
58,53,0,4.466000032831457e-09
5,44,0,5.1606420003540845e-09
44,5,0,5.1606420003540845e-09
16,24,0,6.566975052908561e-09
24,16,0,6.566975052908561e-09
32,45,3,7.691447400710488e-09
49,49,1,8.315399529869411e-09
2,3,0,9.608825262001074e-09
3,2,0,9.608825262001074e-09
37,48,0,9.6597578336801e-09
48,37,0,9.65975783368024e-09
37,49,0,9.75941764294985e-09
49,37,0,9.759417642949921e-09
32,37,3,1.0329804915396986e-08
32,54,3,1.2954778650626803e-08
8,58,0,1.3118055184683073e-08
58,8,0,1.3118055184683073e-08
0,26,0,1.3622163163640373e-08
26,0,0,1.3622163163640373e-08
57,55,0,1.4856165405716239e-08
55,57,0,1.4856165405716348e-08
53,59,0,1.5631781930222786e-08
59,53,0,1.5631781930223077e-08
47,54,0,1.737350071838454e-08
54,47,0,1.7373500718384925e-08
20,29,0,1.8039551780377573e-08
29,20,0,1.8039551780377573e-08
12,52,0,1.8045835412206455e-08
52,12,0,1.8045835412206627e-08
57,37,0,2.013012489186784e-08
37,57,0,2.0130124891868435e-08
44,51,0,2.1258300246374062e-08
51,44,0,2.1258300246374287e-08
22,33,0,2.418953435286117e-08
33,22,0,2.4189534352861443e-08
6,45,0,2.512044554358431e-08
45,6,0,2.512044554358431e-08
26,39,0,2.8998161633017673e-08
39,26,0,2.8998161633018143e-08
7,11,0,2.927901315203784e-08
11,7,0,2.927901315203784e-08
44,58,0,2.9489406746014836e-08
58,44,0,2.9489406746014836e-08
2,5,0,3.271371759147083e-08
5,2,0,3.271371759147083e-08
55,48,0,3.710947521663696e-08
48,55,0,3.710947521663717e-08
3,11,0,4.020082904765882e-08
11,3,0,4.020082904765882e-08
31,36,0,4.0423971009708e-08
36,31,0,4.0423971009708e-08
49,59,0,4.6767264015067104e-08
59,49,0,4.6767264015067104e-08
43,10,0,4.970020965735729e-08
10,43,0,4.970020965735758e-08
14,43,0,4.985305994816211e-08
43,14,0,4.985305994816211e-08
0,11,0,5.032088194003783e-08
11,0,0,5.032088194003783e-08
20,46,0,5.5266002376042475e-08
46,20,0,5.5266002376042475e-08
9,18,0,5.813341031794342e-08
18,9,0,5.813341031794342e-08
18,24,0,5.830683124425806e-08
24,18,0,5.830683124425829e-08
38,55,0,6.790769977812194e-08
55,38,0,6.790769977812194e-08
41,10,0,7.261436509519992e-08
10,41,0,7.261436509520018e-08
43,46,0,7.841917195081532e-08
46,43,0,7.841917195081588e-08
23,58,0,7.926884986764024e-08
58,23,0,7.926884986764024e-08
59,43,1,9.28197083105318e-08
8,48,0,1.0106351210026684e-07
48,8,0,1.0106351210026684e-07
41,56,0,1.0613505532904074e-07
56,41,0,1.0613505532904227e-07
38,51,0,1.0987290086065303e-07
51,38,0,1.0987290086065303e-07
3,18,0,1.1332145179182155e-07
18,3,0,1.1332145179182155e-07
22,56,0,1.3740487205444526e-07
56,22,0,1.3740487205444597e-07
3,4,0,1.380833840090234e-07
4,3,0,1.380833840090242e-07
17,17,1,1.5376330525167844e-07
7,19,0,1.5540901449117327e-07
19,7,0,1.5540901449117327e-07
49,25,0,1.6364610415471183e-07
25,49,0,1.6364610415471484e-07
52,5,0,1.725959279451576e-07
5,52,0,1.7259592794516038e-07
22,38,0,2.003454365823223e-07
38,22,0,2.003454365823223e-07
30,36,0,2.2853928305881204e-07
36,30,0,2.285392830588145e-07
5,14,0,2.4312760601740545e-07
14,5,0,2.4312760601740545e-07
14,14,1,2.4453869975380674e-07
6,30,0,2.4608843562743043e-07
30,6,0,2.460884356274313e-07
20,43,0,2.8433237102042623e-07
43,20,0,2.843323710204324e-07
6,54,0,2.955969944358161e-07
54,6,0,2.9559699443582103e-07
43,58,0,2.9845649012531706e-07
58,43,0,2.9845649012531827e-07
38,46,0,2.9945754459002435e-07
46,38,0,2.994575445900266e-07
38,58,0,3.151179224422871e-07
58,38,0,3.151179224422871e-07
4,7,0,3.3363303488310374e-07
7,4,0,3.3363303488310374e-07
38,39,0,3.4219396553467134e-07
39,38,0,3.4219396553467134e-07
50,59,0,3.58393166307629e-07
59,50,0,3.58393166307629e-07
29,55,0,3.588453988849185e-07
55,29,0,3.588453988849185e-07
20,59,0,4.074553701761761e-07
59,20,0,4.074553701761761e-07
49,41,0,4.309672988072936e-07
41,49,0,4.309672988072976e-07
7,8,0,5.243997562453484e-07
8,7,0,5.243997562453484e-07
58,5,0,5.345673670729435e-07
5,58,0,5.345673670729494e-07
1,32,1,5.459204315056006e-07
59,39,0,5.565355940999616e-07
39,59,0,5.565355940999635e-07
8,14,0,5.727941695586197e-07
14,8,0,5.727941695586197e-07
3,23,0,5.878968817228909e-07
23,3,0,5.878968817228919e-07
6,41,0,6.089840065854416e-07
41,6,0,6.089840065854424e-07
16,16,1,6.102717014711647e-07
41,45,0,6.297138081073022e-07
45,41,0,6.29713808107308e-07
45,54,0,6.58356589324022e-07
54,45,0,6.583565893240257e-07
39,56,0,7.12427128065629e-07
56,39,0,7.124271280656316e-07
32,42,3,7.127528336132277e-07
45,59,0,8.332484039428928e-07
59,45,0,8.332484039429002e-07
10,7,0,8.531738152826378e-07
7,10,0,8.531738152826472e-07
49,38,0,8.616472530791433e-07
38,49,0,8.616472530791449e-07
1,53,0,9.535831205195534e-07
53,1,0,9.535831205195619e-07
38,48,0,9.670746854044063e-07
48,38,0,9.670746854044154e-07
2,0,0,9.930695320426857e-07
0,2,0,9.930695320426986e-07
36,55,2,1.005308534376964e-06
14,37,0,1.0515739782302683e-06
37,14,0,1.0515739782302683e-06
2,7,0,1.0594377946102837e-06
7,2,0,1.0594377946102865e-06
12,18,0,1.0799791175660507e-06
18,12,0,1.0799791175660507e-06
55,22,0,1.0903339788949136e-06
22,55,0,1.0903339788949174e-06
18,2,1,1.1719963035217166e-06
1,34,0,1.2076075616017365e-06
34,1,0,1.2076075616017416e-06
54,50,0,1.262772922181856e-06
50,54,0,1.2627729221818887e-06
22,40,0,1.352536486598594e-06
40,22,0,1.352536486598594e-06
13,0,1,1.3624535831050327e-06
56,42,1,1.4186383419270057e-06
24,25,0,1.6175030128826413e-06
25,24,0,1.6175030128826413e-06
33,36,3,1.6272514956009965e-06
12,14,0,1.6605036453796916e-06
14,12,0,1.6605036453796916e-06
49,48,0,1.661940096421543e-06
48,49,0,1.6619400964215673e-06
32,36,0,1.7997595063547065e-06
36,32,0,1.79975950635475e-06
47,10,0,1.8880136924150126e-06
10,47,0,1.8880136924150225e-06
25,19,0,1.956063053044471e-06
19,25,0,1.956063053044486e-06
27,36,0,1.9846085274723493e-06
36,27,0,1.9846085274724e-06
0,5,0,1.991722314408644e-06
5,0,0,1.991722314408644e-06
42,58,0,2.011205274772263e-06
58,42,0,2.0112052747722846e-06
50,48,0,2.0117036423098222e-06
48,50,0,2.0117036423098248e-06
40,37,0,2.089873152437011e-06
37,40,0,2.0898731524370623e-06
52,51,0,2.1069320328290647e-06
51,52,0,2.1069320328290774e-06
23,15,0,2.1679560930609183e-06
15,23,0,2.16795609306093e-06
45,51,0,2.3021832898975064e-06
51,45,0,2.302183289897515e-06
0,3,1,2.3527072288162436e-06
56,21,0,2.721917301153533e-06
21,56,0,2.721917301153552e-06
32,44,3,2.756325126474055e-06
45,55,0,2.860075857657661e-06
55,45,0,2.8600758576577032e-06
39,23,0,2.862277349850589e-06
23,39,0,2.8622773498505892e-06
50,20,0,3.138796743571867e-06
20,50,0,3.138796743571908e-06
40,52,0,3.3196781866992935e-06
52,40,0,3.3196781866992935e-06
14,21,0,3.40438604002027e-06
21,14,0,3.40438604002027e-06
44,39,0,3.4635627280081756e-06
39,44,0,3.4635627280081816e-06
31,9,0,3.6029751172894844e-06
9,31,0,3.6029751172895454e-06
39,39,1,4.042365996403673e-06
19,22,0,4.310826386650757e-06
22,19,0,4.310826386650757e-06
42,49,0,4.350307385305622e-06
49,42,0,4.350307385305644e-06
10,11,0,4.472777299055148e-06
11,10,0,4.472777299055148e-06
46,42,0,4.865110946202724e-06
42,46,0,4.865110946202777e-06
3,48,0,4.9528419884268255e-06
48,3,0,4.952841988426862e-06
8,6,0,5.118806454153366e-06
6,8,0,5.118806454153394e-06
6,37,0,5.5755241051268964e-06
37,6,0,5.575524105126958e-06
19,23,0,5.932025555526949e-06
23,19,0,5.932025555526949e-06
43,34,0,5.980032498423143e-06
34,43,0,5.980032498423198e-06
17,28,0,6.361277821641602e-06
28,17,0,6.361277821641615e-06
46,46,1,6.542554882106346e-06
0,18,0,6.622279838594838e-06
18,0,0,6.622279838594838e-06
22,49,0,6.822807332479391e-06
49,22,0,6.822807332479391e-06
1,38,0,6.826312842349861e-06
38,1,0,6.826312842349886e-06
14,57,0,8.405243758700255e-06
57,14,0,8.405243758700255e-06
52,6,0,8.585200774464631e-06
6,52,0,8.585200774464698e-06
14,25,0,8.621955118589342e-06
25,14,0,8.621955118589342e-06
10,20,0,8.813645111072545e-06
20,10,0,8.813645111072545e-06
23,17,0,8.891278986261524e-06
17,23,0,8.891278986261605e-06
4,36,2,8.928494057198774e-06
47,47,1,9.140871718627784e-06
24,10,0,9.602335922994503e-06
10,24,0,9.602335922994554e-06
31,14,0,9.61177383585463e-06
14,31,0,9.61177383585465e-06
9,14,0,1.008458048487301e-05
14,9,0,1.008458048487301e-05
59,28,2,1.1403350406492643e-05
11,18,0,1.1511027614264633e-05
18,11,0,1.1511027614264633e-05
18,25,0,1.153331276808876e-05
25,18,0,1.153331276808876e-05
20,32,1,1.1618567017526818e-05
52,48,0,1.1708768909119085e-05
48,52,0,1.170876890911911e-05
8,11,1,1.1852089976395559e-05
17,25,0,1.2373549234781419e-05
25,17,0,1.2373549234781492e-05
45,14,0,1.2414371521349934e-05
14,45,0,1.2414371521349958e-05
49,53,0,1.2499553130980877e-05
53,49,0,1.2499553130980878e-05
1,59,0,1.2691874979115498e-05
59,1,0,1.269187497911552e-05
0,7,0,1.2872174373846759e-05
7,0,0,1.2872174373846796e-05
29,49,0,1.3019207354159003e-05
49,29,0,1.3019207354159003e-05
44,24,0,1.3481442302443098e-05
24,44,0,1.348144230244322e-05
30,9,0,1.3960868146750802e-05
9,30,0,1.3960868146750985e-05
8,21,0,1.4035533551807594e-05
21,8,0,1.4035533551807594e-05
24,22,0,1.4093208239586826e-05
22,24,0,1.4093208239586906e-05
23,30,0,1.4114315058764213e-05
30,23,0,1.4114315058764363e-05
32,22,1,1.4379169777344246e-05
51,54,0,1.4404338181011359e-05
54,51,0,1.4404338181011711e-05
39,54,0,1.5347876709292966e-05
54,39,0,1.5347876709293054e-05
20,23,0,1.6229251752750533e-05
23,20,0,1.6229251752750533e-05
35,45,0,1.6335713157008892e-05
45,35,0,1.633571315700904e-05
48,56,0,1.635688586282623e-05
56,48,0,1.635688586282623e-05
58,32,1,1.636979264562938e-05
16,0,0,1.6526015055276267e-05
0,16,0,1.6526015055276362e-05
17,33,0,1.714403525043236e-05
33,17,0,1.714403525043236e-05
7,12,0,1.7428745780952083e-05
12,7,0,1.7428745780952083e-05
3,17,0,1.973903613401838e-05
17,3,0,1.9739036134018455e-05
33,26,0,2.023320893118525e-05
26,33,0,2.0233208931185427e-05
15,38,0,2.100623167357895e-05
38,15,0,2.1006231673578987e-05
54,49,1,2.161671320122223e-05
48,11,0,2.276999645055779e-05
11,48,0,2.2769996450557878e-05
17,35,0,2.5274732327524328e-05
35,17,0,2.5274732327524606e-05
57,33,0,2.553608799493461e-05
33,57,0,2.5536087994935127e-05
7,52,0,2.557846780696572e-05
52,7,0,2.557846780696572e-05
4,45,0,2.7739784973655836e-05
45,4,0,2.7739784973655836e-05
20,34,0,2.8533527774876414e-05
34,20,0,2.8533527774876414e-05
32,21,1,2.8952280190655525e-05
47,39,2,2.970918152593201e-05
5,25,0,3.2795158624490096e-05
25,5,0,3.2795158624490286e-05
18,58,0,3.280410950007828e-05
58,18,0,3.280410950007828e-05
36,6,0,3.3228218110831196e-05
6,36,0,3.322821811083125e-05
32,19,0,3.3894762473570824e-05
19,32,0,3.389476247357108e-05
24,37,0,3.409532680664918e-05
37,24,0,3.409532680664918e-05
39,47,0,3.429695108884568e-05
6,1,1,3.43959529639605e-05
39,58,0,3.4905563752381215e-05
58,39,0,3.4905563752381344e-05
53,20,0,3.688095653725042e-05
20,53,0,3.688095653725084e-05
1,29,0,3.7049151201809506e-05
29,1,0,3.7049151201809506e-05
54,58,0,3.723307942942624e-05
58,54,0,3.7233079429426585e-05
29,53,0,3.773588219315607e-05
53,29,0,3.773588219315607e-05
9,13,0,3.804222843100025e-05
13,9,0,3.804222843100025e-05
7,53,0,4.078480456516699e-05
53,7,0,4.078480456516699e-05
5,23,0,4.316473638993953e-05
23,5,0,4.316473638993978e-05
56,40,0,4.473236203546086e-05
40,56,0,4.473236203546121e-05
20,38,0,4.513675107689477e-05
38,20,0,4.5136751076894936e-05
33,28,3,4.5833587550753886e-05
32,53,3,4.659217734069659e-05
22,52,0,4.6933518231144866e-05
52,22,0,4.6933518231145144e-05
4,20,0,4.70066725799578e-05
20,4,0,4.70066725799578e-05
33,35,3,4.8399564302407796e-05
39,55,0,5.046233597966463e-05
55,39,0,5.0462335979665014e-05
1,2,0,5.462455168158464e-05
2,1,0,5.462455168158464e-05
52,37,0,5.50762598113861e-05
37,52,0,5.507625981138662e-05
48,51,0,5.569063188898986e-05
51,48,0,5.569063188898997e-05
42,56,0,5.722414574655163e-05
14,44,0,6.225759514853624e-05
44,14,0,6.225759514853672e-05
32,27,1,6.284061822742184e-05
25,15,0,6.417062620402728e-05
15,25,0,6.417062620402757e-05
35,1,0,6.419719667349373e-05
1,35,0,6.419719667349388e-05
50,38,0,6.781709005543082e-05
38,50,0,6.781709005543111e-05
35,33,0,6.788693676854288e-05
55,55,1,7.022342910607116e-05
25,33,0,7.260706923854105e-05
33,25,0,7.260706923854105e-05
38,45,0,7.384732004134221e-05
45,38,0,7.3847320041343e-05
55,25,0,7.75109571053222e-05
25,55,0,7.751095710532244e-05
57,53,0,8.424722839165578e-05
53,57,0,8.424722839165666e-05
36,45,0,8.7139721636585e-05
45,36,0,8.713972163658592e-05
9,25,0,8.810888260359132e-05
25,9,0,8.810888260359132e-05
19,24,0,9.033554403548345e-05
24,19,0,9.033554403548364e-05
11,39,0,9.208185249804052e-05
39,11,0,9.208185249804129e-05
16,23,0,9.329082771662687e-05
23,16,0,9.329082771662687e-05
10,45,0,9.575582713829089e-05
45,10,0,9.575582713829089e-05
1,4,1,9.949712983669914e-05
0,14,1,0.00010045768020632104
33,40,0,0.00010722574026504523
40,33,0,0.00010722574026504745
6,27,0,0.00011026812750408668
27,6,0,0.00011026812750408668
32,39,3,0.00011031517351539463
56,31,2,0.00011336878028343379
44,50,0,0.00011511697665159539
50,44,0,0.00011511697665159605
0,13,0,0.0001172322168636916
30,34,0,0.00012254999702364258
34,30,0,0.00012254999702364258
37,43,0,0.00012895585227992306
43,37,0,0.00012895585227992306
38,12,3,0.00013406269059163372
4,8,0,0.00013505110557728448
8,4,0,0.00013505110557728448
22,54,0,0.00014371057956036665
54,22,0,0.00014371057956036746
7,45,0,0.00014643409893647308
45,7,0,0.00014643409893647392
16,39,0,0.00014870446499692637
39,16,0,0.00014870446499692683
0,24,0,0.00015032229782793022
24,0,0,0.00015032229782793022
21,54,0,0.0001516027906693481
54,21,0,0.0001516027906693481
39,18,0,0.00016019536348892512
18,39,0,0.00016019536348892583
25,53,0,0.00016151087222685104
53,25,0,0.00016151087222685223
8,8,3,0.0001636771142262048
12,48,0,0.0001644725914645075
48,12,0,0.00016447259146450775
45,30,0,0.00016496640850164308
30,45,0,0.00016496640850164476
11,12,0,0.00016825812327343577
12,11,0,0.00016825812327343577
13,37,0,0.00016935236667727703
37,13,0,0.00016935236667727836
10,35,2,0.0001739723591415911
36,49,2,0.00018622344153433555
32,41,3,0.00018931481555462153
59,38,0,0.00019478100475651763
38,59,0,0.00019478100475651857
48,30,2,0.00019806530918246387
59,34,1,0.0002114344473777631
11,25,0,0.00021341505203410045
25,11,0,0.00021341505203410045
25,31,0,0.00022522861228064638
31,25,0,0.00022522861228064638
2,14,0,0.00022658154935972398
14,2,0,0.00022658154935972468
8,47,0,0.000229407675374405
47,8,0,0.000229407675374405
9,26,1,0.00022986033408150177
45,37,0,0.00024141162113189898
37,45,0,0.0002414116211319037
19,8,1,0.00024199356424488101
33,34,2,0.0002456081205034262
44,3,0,0.00025536843604564204
3,44,0,0.0002553684360456432
16,20,0,0.00025680851990491797
20,16,0,0.00025680851990491916
56,51,0,0.00025793831061151533
51,56,0,0.0002579383106115186
33,30,2,0.0002760915109567355
16,25,0,0.0002795738765104299
25,16,0,0.0002795738765104299
32,11,0,0.0002802238837356237
11,32,0,0.00028022388373562577
32,56,3,0.000283429531112744
9,34,0,0.0002922910189469042
34,9,0,0.0002922910189469057
43,43,1,0.0003002361524561972
11,11,1,0.0003023265084772419
43,7,0,0.00030725285619766007
7,43,0,0.0003072528561976624
0,23,1,0.00030863764662256924
27,13,0,0.0003112980855527515
13,27,0,0.00031129808555275547
26,36,0,0.00031206147539888094
36,26,0,0.0003120614753988832
2,26,1,0.0003143079584294084
21,29,3,0.0003318641691214701
45,20,0,0.0003406417534471108
20,45,0,0.0003406417534471117
50,51,1,0.00034806427551137324
10,44,0,0.0003567974357857507
44,10,0,0.00035679743578575243
22,22,1,0.00035682305102455
38,37,0,0.0003617702631422002
37,38,0,0.00036177026314220207
25,25,1,0.0003629583816128719
44,53,0,0.0003669316268595121
53,44,0,0.0003669316268595138
51,46,0,0.0003765337151984657
46,51,0,0.0003765337151984692
9,37,0,0.00037791357537682367
37,9,0,0.00037791357537682367
27,34,1,0.0004035494364572242
13,30,0,0.00041132500826640463
30,13,0,0.00041132500826640463
27,32,0,0.00042385654511845414
10,38,0,0.0004403884600804783
38,10,0,0.0004403884600804792
59,36,1,0.00044154793833982975
28,51,0,0.0004551977501635855
51,28,0,0.00045519775016358773
15,33,2,0.00045823732669897057
57,25,2,0.0004635029522949825
31,40,2,0.00046705119387572473
8,40,2,0.0004682785634231871
55,20,0,0.0004712724375573631
20,55,0,0.000471272437557364
55,42,0,0.000492203235281017
42,55,0,0.0004922032352810203
37,31,2,0.0004938694197513135
6,38,0,0.0004947088399286065
38,6,0,0.0004947088399286065
6,46,0,0.0004984237104608003
46,6,0,0.0004984237104608003
12,25,0,0.000499472061860709
25,12,0,0.000499472061860709
10,23,0,0.0005191130120561306
23,10,0,0.0005191130120561306
31,3,0,0.0005245582102379181
3,31,0,0.000524558210237924
6,34,0,0.0005432772105973346
34,6,0,0.0005432772105973346
0,8,0,0.0005479761604288032
8,0,0,0.0005479761604288043
52,33,1,0.0005562191683740067
1,6,0,0.000568297382365784
5,17,0,0.000569553436691997
17,5,0,0.000569553436691997
45,39,0,0.0005695702595340132
39,45,0,0.0005695702595340188
46,25,0,0.0005701047674991824
25,46,0,0.0005701047674991851
3,59,0,0.0005770154354338536
59,3,0,0.0005770154354338574
37,39,0,0.0005932869330168866
39,37,0,0.0005932869330168866
7,58,0,0.0005938621842084757
58,7,0,0.0005938621842084757
36,39,1,0.0005970292291163266
41,24,1,0.0005979311987976688
20,21,0,0.0006000915855439265
21,20,0,0.0006000915855439308
50,47,0,0.000625069897212918
47,50,0,0.0006250698972129229
40,36,0,0.0006408617818190494
36,40,0,0.0006408617818190537
59,48,0,0.0006580184204503181
48,59,0,0.0006580184204503202
15,53,0,0.0006584451426974337
53,15,0,0.0006584451426974337
28,34,0,0.0006877460434077915
34,28,0,0.0006877460434077979
14,38,0,0.0006935606762252107
38,14,0,0.0006935606762252107
18,54,0,0.0006947320304910744
54,18,0,0.0006947320304910776
30,14,0,0.0006967101706895398
14,30,0,0.0006967101706895423
25,34,1,0.0007018174839757261
45,27,0,0.0007024700495036405
27,45,0,0.0007024700495036419
37,51,0,0.0007137414159468774
51,37,0,0.0007137414159468821
31,57,3,0.0007264345682591818
9,6,0,0.000737259072915995
6,9,0,0.0007372590729159972
25,56,0,0.0007447525355422126
56,25,0,0.0007447525355422126
55,4,0,0.0007562735408878801
4,55,0,0.0007562735408878816
3,26,1,0.000757012830959904
14,58,0,0.0007896365252721898
58,14,0,0.0007896365252721899
30,29,1,0.000790792590031642
38,29,0,0.0007918548769254404
29,38,0,0.0007918548769254418
46,41,1,0.0008036615813860738
34,50,0,0.000809002804367255
50,34,0,0.0008090028043672587
29,51,0,0.0008149085994659975
51,29,0,0.0008149085994660001
6,35,0,0.000850501616897698
35,6,0,0.000850501616897698
58,33,0,0.0008637699220961646
33,58,0,0.0008637699220961669
24,5,1,0.0008690876349871767
14,33,2,0.0008705605933908161
28,38,0,0.0008743869030231027
38,28,0,0.0008743869030231084
34,25,0,0.0008779625083232967
5,21,0,0.0008806988044708914
21,5,0,0.0008806988044708914
40,2,3,0.0008960715723338094
2,13,0,0.0009331425020005581
13,2,0,0.0009331425020005581
41,50,2,0.0009343514640607404
1,8,0,0.0009464806441522584
8,1,0,0.0009464806441522584
3,32,1,0.0009498164338260156
56,3,0,0.0009578460130366369
3,56,0,0.0009578460130366406
57,32,1,0.0009804824795944759
35,50,0,0.0009902795552154653
50,35,0,0.0009902795552154669
47,26,3,0.0010373502221457697
5,6,0,0.0010641505882867269
6,5,0,0.001064150588286732
16,18,0,0.0010744492192484418
18,16,0,0.0010744492192484463
14,59,0,0.001088077746551921
59,14,0,0.0010880777465519227
6,42,0,0.0010989154718827312
42,6,0,0.0010989154718827312
36,22,3,0.0011014020905631397
43,36,0,0.0011119638920328292
36,43,0,0.0011119638920328388
32,7,1,0.001163002541800163
15,3,3,0.0011661187525196437
53,54,0,0.0011697690779980422
54,53,0,0.0011697690779980422
4,27,2,0.0011807098015247052
7,44,1,0.0011810716065332413
22,34,0,0.001191679895780888
34,22,0,0.001191679895780888
28,40,0,0.0012690391255012745
40,28,0,0.0012690391255012875
33,55,2,0.001285580178883971
50,39,0,0.0013036668137223336
39,50,0,0.001303666813722345
30,33,0,0.001305070486144754
52,18,0,0.0013214285726562383
18,52,0,0.0013214285726562474
30,43,0,0.0013343184020406628
43,30,0,0.0013343184020406745
44,44,2,0.0013381099034949107
36,46,1,0.0013404275067014162
40,25,2,0.0013482559280279705
33,16,1,0.001354549087342666
47,17,0,0.0013599467558897318
17,47,0,0.001359946755889741
29,52,0,0.0013723751228445608
52,29,0,0.0013723751228445608
33,11,2,0.001407909125526941
44,8,0,0.0014161598310047211
8,44,0,0.0014161598310047292
3,19,0,0.0014392448335402823
19,3,0,0.0014392448335402823
3,57,0,0.0014473283006710223
57,3,0,0.001447328300671028
40,21,0,0.0014481433051101616
21,40,0,0.001448143305110172
38,47,0,0.0014530646033802507
47,38,0,0.0014530646033802568
26,53,0,0.001486950054939663
53,26,0,0.0014869500549396662
32,52,1,0.0014918417073622222
11,47,1,0.0014919434806046489
34,24,0,0.001510062354728538
24,34,0,0.0015100623547285427
0,39,0,0.001551282112436488
39,0,0,0.0015512821124364956
15,13,1,0.0015514504991174234
52,52,1,0.0015533357145510814
13,15,0,0.0015657753543237658
45,50,3,0.0015672330187286646
10,25,0,0.0015914225020250625
25,10,0,0.0015914225020250727
28,54,0,0.001618996656672434
54,28,0,0.0016189966566724627
21,38,0,0.0016329100578005248
38,21,0,0.0016329100578005248
18,34,3,0.0016436476664106736
13,47,2,0.001663933654084947
43,22,1,0.0016657428373083663
12,12,1,0.0016821670285848715
7,20,0,0.0016826896132244751
20,7,0,0.0016826896132244827
14,50,0,0.0017115290324481087
50,14,0,0.0017115290324481117
46,50,0,0.0017148524115121765
50,46,0,0.0017148524115121833
16,22,0,0.0017153629380129774
22,16,0,0.0017153629380129774
5,10,0,0.0017312373452405218
10,5,0,0.0017312373452405257
6,17,2,0.0017413998964929686
38,9,3,0.001756415170194363
54,29,0,0.0017650516816785757
29,54,0,0.001765051681678579
47,58,0,0.0018624480612829618
58,47,0,0.0018624480612829742
14,54,0,0.001875317035631857
54,14,0,0.0018753170356318623
0,38,2,0.0018819919777551468
20,18,1,0.0019110934847950502
19,31,0,0.001968739537680065
31,19,0,0.001968739537680074
34,38,0,0.0019728788522329634
38,34,0,0.001972878852232972
1,17,0,0.001975725375158205
17,1,0,0.001975725375158205
10,30,3,0.0019832452514373412
43,28,0,0.002000565062539402
28,43,0,0.00200056506253941
32,51,0,0.0020062116589662643
51,32,0,0.0020062116589662643
17,29,1,0.0020971923940430372
3,58,0,0.002104991311443519
58,3,0,0.0021049913114435234
13,56,2,0.0021123093555862286
44,30,0,0.002152026366691921
30,44,0,0.002152026366691936
31,22,0,0.0021593487324239762
22,31,0,0.0021593487324239997
18,29,3,0.0021883350576911687
33,23,0,0.002228078751235573
23,33,0,0.0022280787512355795
21,3,0,0.0022679978937873158
3,21,0,0.0022679978937873227
17,20,1,0.0023103776151580987
20,36,1,0.0023374232959342996
44,18,0,0.0023533334382929718
18,44,0,0.002353333438292983
58,20,1,0.002374709081480416
50,42,0,0.0023785332718419816
42,50,0,0.0023785332718419985
21,32,0,0.0023940583500961245
35,36,0,0.0023955416978309807
36,35,0,0.002395541697830996
24,32,1,0.0024355114203557294
13,13,1,0.0024389397359667365
55,32,1,0.0024487326986993184
50,22,0,0.002501791039553445
22,50,0,0.00250179103955345
10,46,0,0.002527616436000531
46,10,0,0.002527616436000531
52,8,0,0.002532900947836954
8,52,0,0.0025329009478369754
1,48,0,0.0025940729421718
48,1,0,0.0025940729421718056
30,40,3,0.0026167619201292866
11,17,0,0.00262257562653233
17,11,0,0.00262257562653233
41,46,0,0.0026234267000808673
14,36,1,0.0026320845172802983
47,14,0,0.0026445238416219325
14,47,0,0.002644523841621951
36,47,1,0.0026459547985793193
51,51,1,0.0026728597604379206
9,32,1,0.002727184091116136
53,55,0,0.0027373493708957846
55,53,0,0.0027373493708957846
52,54,0,0.00274303060807509
54,52,0,0.0027430306080750947
43,59,0,0.0027470822056363383
11,15,2,0.002760142527979381
20,25,0,0.002819284811342099
25,20,0,0.0028192848113421072
27,8,3,0.0028494590330204756
22,44,0,0.002868627874688493
44,22,0,0.0028686278746885034
21,19,2,0.0029076942080623783
53,56,0,0.0029641507810296533
56,53,0,0.002964150781029666
54,30,0,0.0030310747202372266
30,54,0,0.0030310747202372383
22,27,0,0.003039153895845993
27,22,0,0.0030391538958460126
58,13,0,0.00304983705773994
13,58,0,0.003049837057739952
4,34,0,0.0030613782164746824
34,4,0,0.0030613782164746824
25,41,2,0.0030627232047244395
50,10,0,0.0030774532222900925
10,50,0,0.003077453222290097
16,27,0,0.0030885399993998176
27,16,0,0.0030885399993998176
51,18,1,0.0031028234885295417
20,49,0,0.003122015476601618
49,20,0,0.0031220154766016237
7,14,1,0.0031453713342434247
27,19,2,0.0031840611062936798
0,37,0,0.003201246122315973
37,0,0,0.003201246122315991
19,55,2,0.0032420597798422856
37,4,0,0.0033020089988411005
4,37,0,0.0033020089988411074
37,11,0,0.003329687094024769
11,37,0,0.003329687094024802
39,30,1,0.0033407074194786936
35,14,2,0.0033515993008976495
33,7,1,0.003387242260230275
22,29,1,0.0034042289097718772
49,31,0,0.0034082020003169625
31,49,0,0.003408202000316978
59,54,0,0.0034107975788904366
54,59,0,0.0034107975788904574
52,28,3,0.0034339673458368253
25,32,0,0.0034486527532716638
32,25,0,0.003448652753271671
52,20,1,0.0035056657824521233
40,8,0,0.0035076639287360102
28,29,0,0.0035083945570161717
29,28,0,0.0035083945570161864
40,1,0,0.003573695760738673
1,40,0,0.0035736957607386904
47,21,3,0.003606154667683739
20,35,1,0.00367074974784738
15,31,3,0.003699271077406659
16,28,0,0.003727309685423633
28,16,0,0.0037273096854236612
23,40,1,0.0037996578518323778
55,10,0,0.0038125218316440294
10,55,0,0.0038125218316440368
3,1,3,0.0038308819798309655
37,34,1,0.0038894472191258684
47,16,2,0.0038958277603897214
16,19,0,0.003950311842336841
19,16,0,0.003950311842336841
11,31,2,0.003957706191582146
20,27,3,0.0039987356228037285
45,0,3,0.004066791420484184
19,21,0,0.004098232369812169
2,28,3,0.004107852518621487
24,11,0,0.004123768924427056
11,24,0,0.0041237689244270626
37,28,2,0.004171650469964476
28,46,1,0.004210482620338381
55,16,3,0.004214042181755254
11,52,0,0.004250904749574049
52,11,0,0.004250904749574049
46,36,0,0.004289319416799569
4,33,2,0.0042927364946379115
22,35,1,0.004320647602644372
7,36,2,0.0043696326185434595
31,45,0,0.0043807553500132615
45,31,0,0.0043807553500132615
52,17,1,0.004433987319241587
25,27,2,0.004439693111164166
56,33,2,0.004472842808914004
17,34,2,0.004536870780599803
8,22,2,0.00456562754262456
2,24,0,0.004585834858643372
24,2,0,0.004585834858643372
48,21,0,0.004598816222005846
21,48,0,0.004598816222005863
12,13,0,0.004610575852741614
13,12,0,0.004610575852741614
18,8,0,0.004646753410273445
8,18,0,0.004646753410273466
14,20,0,0.004659539802472581
20,14,0,0.004659539802472588
18,30,1,0.004662602940750491
23,34,2,0.004669860918229467
34,2,3,0.004674860223758521
11,8,0,0.0046881194845497555
10,10,1,0.004689768132218055
11,45,0,0.004693866253622796
45,11,0,0.004693866253622812
10,33,1,0.004719211767366817
17,26,1,0.004788762631480805
14,46,0,0.004797336709944831
46,14,0,0.00479733670994484
4,24,2,0.0048042953443752125
6,40,0,0.004840637094856825
40,6,0,0.004840637094856831
13,53,0,0.004843622735811145
53,13,0,0.004843622735811145
32,20,2,0.004853156503854567
8,31,1,0.004856535757952912
53,17,0,0.004970017010807475
17,53,0,0.004970017010807484
3,13,0,0.0050317032809860125
13,3,0,0.0050317032809860125
29,58,0,0.0050532685714318815
58,29,0,0.0050532685714319075
6,33,0,0.005086165797290264
33,6,0,0.0050861657972903
54,33,3,0.005096075966055875
58,59,0,0.0051185503723678565
59,58,0,0.0051185503723678565
7,49,1,0.005154298715643983
29,15,1,0.00515677986035439
44,31,2,0.005362908885670916
1,55,0,0.005364637807761193
55,1,0,0.005364637807761193
35,30,2,0.005370337613466956
33,8,0,0.0053744404818492145
8,33,0,0.005374440481849224
31,10,3,0.005389649066572576
51,41,2,0.005471730644141146
19,36,3,0.005478006773308752
11,53,1,0.005497704319740096
42,28,2,0.0055073466258195635
57,5,0,0.005558891818366838
5,57,0,0.00555889181836689
6,7,0,0.00556412045470943
7,6,0,0.005564120454709443
46,53,0,0.005582609595178303
53,46,0,0.005582609595178328
18,22,2,0.005589192711665245
2,12,0,0.005611630241528463
12,2,0,0.005611630241528491
34,46,0,0.005637269949608235
46,34,0,0.005637269949608235
6,6,1,0.005652753035128019
54,32,1,0.00568271023788409
20,51,0,0.005710292162346879
51,20,0,0.005710292162346894
56,29,0,0.00574534512997433
29,56,0,0.005745345129974361
52,24,0,0.005775427625880614
24,52,0,0.005775427625880636
24,4,0,0.005843413795127687
38,25,1,0.0058583396046750676
4,4,1,0.005965624035893372
20,20,1,0.006016214956342787
52,25,2,0.006023178384916557
41,16,3,0.006066516610944135
1,19,2,0.006086607394673304
54,1,0,0.0061243804399366
1,54,0,0.006124380439936616
48,13,1,0.0061332163455209525
45,33,0,0.006255692895503602
33,45,0,0.0062556928955036575
5,40,0,0.006302918453131595
40,5,0,0.006302918453131595
19,44,2,0.006378330276203026
22,4,0,0.006382337781506267
4,22,0,0.006382337781506273
21,36,2,0.006403562804405083
21,58,2,0.0064052575454233325
42,23,1,0.006475169386733459
19,20,0,0.006529292821107597
20,19,0,0.006529292821107607
1,5,1,0.006637184575001894
30,11,0,0.0068052663615276
11,30,0,0.006805266361527613
32,15,1,0.006810603615753503
21,0,1,0.006870605096512718
37,32,1,0.006872630682184856
33,49,2,0.006906871347264266
41,28,2,0.00700690994432456
50,49,2,0.0071969659292759865
3,33,2,0.007399497526794486
11,49,2,0.007456454056495359
14,32,3,0.00757528244794882
15,34,2,0.007612860254140082
9,17,0,0.0076492398385119
17,9,0,0.0076492398385119
52,14,0,0.007667162395188856
14,52,0,0.007667162395188865
37,10,0,0.007677720643747041
10,37,0,0.007677720643747067
23,51,2,0.007691193526497299
10,13,3,0.007697549154166835
54,54,1,0.007709228888265181
21,47,2,0.007710693132944686
57,7,0,0.007714105871015364
7,57,0,0.0077141058710154045
51,50,0,0.007722140850164746
38,32,3,0.007992800262113249
31,15,1,0.008044909110589457
3,22,0,0.008074307703548647
22,3,0,0.008074307703548647
56,58,0,0.008083701794614682
58,56,0,0.008083701794614718
30,50,0,0.008087901512319624
50,30,0,0.008087901512319702
1,9,1,0.008118254391312153
8,27,0,0.008119130996517693
14,15,0,0.00813409691210944
15,14,0,0.00813409691210944
34,3,0,0.008135940316326059
3,34,0,0.008135940316326076
32,10,3,0.008162491083623592
10,39,0,0.008176736443707144
39,10,0,0.008176736443707172
41,58,0,0.008219279171626421
58,41,0,0.008219279171626436
57,28,2,0.008362138562466008
41,5,2,0.008372104377454443
2,34,3,0.008449532846312278
15,32,0,0.008516553069304817
22,32,0,0.0085329614078389
53,36,0,0.008587836292310518
36,53,0,0.008587836292310556
50,26,0,0.00859614044658856
26,50,0,0.008596140446588577
42,21,0,0.008683287080890998
21,42,0,0.00868328708089106
31,8,0,0.008722058393417309
22,36,2,0.008743158406247455
4,28,2,0.008760357565710777
31,16,1,0.008793020592907905
12,45,0,0.008822105459529415
45,12,0,0.00882210545952944
25,52,0,0.008837873832976049
40,15,0,0.008839074062735743
15,40,0,0.008839074062735808
51,40,0,0.008866338807933898
40,51,0,0.008866338807933957
0,28,3,0.008922468527386488
11,55,2,0.008990515189329633
3,0,1,0.00901990985833476
48,5,0,0.009076153317202488
5,48,0,0.009076153317202516
48,23,2,0.009082920061058007
46,37,1,0.009162112136051821
40,50,1,0.009195024031197995
37,21,1,0.009243264433653647
49,50,0,0.009311146153690301
35,28,2,0.009337478589492292
4,29,1,0.009338807044616976
31,26,2,0.009399703884522487
50,45,0,0.009448135765961992
54,24,1,0.009460350846966966
20,2,1,0.009489058924325442
53,8,0,0.009542022792425638
8,53,0,0.0095420227924257
44,28,2,0.009568199552520912
56,15,0,0.00961235251918438
15,56,0,0.009612352519184393
34,40,2,0.009655018106154812
35,38,2,0.009657546566814019
20,40,1,0.009695995797761234
9,39,0,0.009728028788562583
39,9,0,0.009728028788562607
48,34,2,0.009745483780290373
42,4,3,0.009746289067285934
30,26,1,0.009792202386119327
33,42,0,0.009829456189598658
42,33,0,0.009829456189598695
39,52,1,0.009857383501547289
37,25,0,0.009886941853141899
25,37,0,0.009886941853141915
50,15,0,0.00991682127789567
15,50,0,0.009916821277895711
15,22,1,0.009992276665176665
6,53,0,0.009992915304974283
53,6,0,0.009992915304974283
1,23,1,0.010148415063576529
9,29,1,0.010151070517380886
32,17,2,0.010152960190483746
22,20,1,0.010154131115630415
56,20,3,0.010156093137322042
34,59,1,0.010160200435413233
31,55,3,0.010169031052764418
38,38,1,0.010221001334168091
9,48,0,0.010340174702294144
48,9,0,0.01034017470229415
46,17,2,0.010395748913502605
19,13,2,0.01039627633821462
22,18,1,0.010447396381200584
3,42,0,0.010452403923744323
42,3,0,0.010452403923744368
49,36,1,0.010482286276984908
10,21,2,0.010514915164712436
1,7,1,0.010595794426841372
48,48,1,0.010651420634069467
20,56,0,0.01072631619890337
23,37,0,0.010833033230914765
37,23,0,0.010833033230914765
47,34,2,0.01090468306378211
27,21,0,0.010988382218031816
21,27,0,0.010988382218031867
18,37,0,0.011004014124992238
37,18,0,0.011004014124992323
46,40,2,0.011063849407897829
26,3,0,0.011133339951106849
17,22,2,0.011210971139370517
7,26,0,0.011257870412437499
26,7,0,0.011257870412437499
19,33,0,0.011286473355861748
33,19,0,0.011286473355861831
4,1,0,0.011330703136722206
13,49,2,0.011332397212535332
49,58,0,0.011427890604772839
58,49,0,0.011427890604772865
50,55,2,0.011550853835607743
20,30,3,0.011698070329088628
26,30,0,0.011730812750530716
43,4,0,0.01175788086117769
4,43,0,0.01175788086117772
3,40,1,0.01176603713275325
48,45,0,0.011853292100350469
45,48,0,0.011853292100350509
39,25,2,0.011944308319902053
15,10,1,0.01205483618188918
18,20,2,0.012075798125596697
34,18,0,0.012431059850672582
55,0,2,0.012531915517941515
1,11,0,0.012580191812422339
11,1,0,0.012580191812422339
30,22,3,0.0126027208748767
48,22,0,0.012611722563861246
22,48,0,0.012611722563861267
5,46,0,0.01265413546782659
46,5,0,0.012654135467826634
29,57,2,0.01267936033129348
21,25,2,0.012720757433575045
55,31,0,0.012802175753345982
53,34,0,0.012806159260763351
34,53,0,0.012806159260763459
14,48,0,0.012829529580819964
48,14,0,0.012829529580819992
2,30,3,0.012871988437161952
22,28,2,0.012882677247940986
32,16,1,0.012901627914207176
48,39,3,0.01290697769370795
1,22,2,0.012937479028425803
14,29,0,0.013023819720875024
29,14,0,0.013023819720875024
36,52,3,0.01302638700248777
34,37,0,0.01307214667547845
15,18,0,0.013076589707622157
18,15,0,0.013076589707622174
32,1,3,0.013121412615512515
34,19,3,0.013157497211334272
16,9,1,0.013184232948694318
6,59,1,0.013268938908594671
9,43,3,0.01328207380341866
35,7,0,0.01349503746133833
7,35,0,0.0134950374613384
19,14,1,0.01354296528647787
33,15,1,0.013566479947958251
13,10,0,0.013602375865678522
46,57,2,0.013628334355473717
36,38,1,0.013707296915125108
46,0,1,0.013793856418788702
35,37,1,0.01389303489140065
23,21,3,0.013968166130840445
53,11,3,0.014041877678125859
47,15,0,0.014093443813976494
15,47,0,0.014093443813976545
10,22,2,0.014176541836602967
17,52,0,0.014215220843221583
15,57,2,0.014237022551754202
39,46,1,0.014343893065141923
59,31,2,0.014397609821887708
26,43,0,0.014563284673255959
43,26,0,0.014563284673256101
4,23,1,0.014590515828978856
31,11,1,0.0146444373881216
17,7,1,0.01485861658679341
7,46,0,0.014877568909102815
46,7,0,0.014877568909102815
30,56,0,0.014879046302806186
56,30,0,0.014879046302806204
42,51,0,0.01495260602833308
51,42,0,0.014952606028333116
36,56,2,0.014993407883784603
44,32,1,0.01517458892035093
52,23,0,0.01520210130617333
23,52,0,0.0152021013061734
51,14,0,0.015310422386620823
14,51,0,0.015310422386620835
7,21,3,0.015362034356724251
36,58,1,0.015409931252130022
56,32,1,0.01542347827432045
34,48,0,0.015431431277270837
16,58,1,0.015434476116041476
1,12,1,0.01548674668205043
33,38,2,0.01571086839646925
0,49,2,0.01572794182784014
33,41,1,0.01582719030072257
36,42,1,0.015920152666341874
1,26,1,0.015974529813832856
21,9,2,0.01598207774515981
9,9,1,0.016081443997274507
6,28,0,0.016230468485581982
28,6,0,0.016230468485582072
26,32,1,0.016299350579232107
45,21,2,0.01650444183993952
17,32,0,0.0168639060402854
16,21,1,0.017122367724935725
28,11,0,0.01715799296548694
11,28,0,0.017157992965487007
22,6,2,0.017238225996110048
7,33,3,0.017270478884647576
52,39,1,0.0172755128704919
34,12,0,0.01732126190687396
12,34,0,0.017321261906874
23,49,2,0.017402717687328168
32,55,2,0.017450460026595605
19,30,1,0.017579080005433807
45,28,0,0.017634981179033567
28,45,0,0.01763498117903377
0,50,2,0.017938657474430797
50,36,1,0.018059041536337483
15,35,2,0.018065220360770656
41,36,1,0.018230384235692874
31,59,3,0.018246586792614126
17,31,0,0.018248099169494564
31,17,0,0.018248099169494613
34,58,2,0.018314627966958624
34,45,1,0.01837816161256146
1,3,0,0.018409736312330626
28,10,3,0.018430199753410613
40,49,0,0.018448405453039586
49,40,0,0.018448405453039586
40,30,0,0.018573896622011685
37,5,1,0.01857652872984924
43,0,3,0.018692443941741844
51,59,0,0.018761312646649056
59,51,0,0.01876131264664906
39,14,1,0.018858377026951378
27,12,1,0.018875077904736855
27,7,2,0.018921274759453877
34,0,0,0.01892753531962003
0,34,0,0.01892753531962008
27,43,2,0.018927557532285443
55,46,0,0.018998319686952394
46,55,0,0.018998319686952456
33,29,0,0.019002191453659653
29,33,0,0.019002191453659764
26,55,2,0.019064075679625942
0,32,1,0.019064430038425808
35,0,2,0.01923805492413178
22,25,0,0.01928627928769616
25,22,0,0.019286279287696193
30,55,2,0.019329398341630125
48,53,3,0.0193455178394595
30,57,2,0.01950423951225338
11,41,1,0.019510602274925883
4,6,1,0.019515950558615266
30,16,1,0.019661077445533158
12,31,0,0.019671563896663403
31,12,0,0.019671563896663576
12,37,0,0.019717906915952783
37,12,0,0.019717906915952817
4,32,2,0.019826490679996707
21,37,2,0.02004212537390722
5,20,2,0.020044689256591607
33,54,0,0.020104642909657473
4,42,1,0.020137576079063888
34,14,0,0.02014050277590305
14,34,0,0.020140502775903096
49,21,0,0.020148700323852794
21,49,0,0.020148700323852846
7,55,1,0.02017399792266762
54,20,0,0.020236302784041774
20,54,0,0.02023630278404193
45,53,1,0.02027574932548414
0,46,2,0.020416535691261617
45,16,1,0.02053816043063072
19,9,3,0.02069246968339114
8,19,1,0.020701443440741076
22,15,3,0.02083846412342804
41,34,1,0.020861171811400275
57,1,2,0.02091721105754996
21,39,2,0.020961885632714294
15,41,1,0.02099068510831663
34,35,1,0.0210435330175252
17,40,1,0.021081414428305318
5,45,0,0.02112636569887431
45,5,0,0.02112636569887437
19,50,1,0.021127363257743795
1,16,3,0.02116640004147737
50,28,2,0.021209872157919266
30,25,1,0.021278311146757063
31,53,3,0.021482746142827712
25,29,1,0.021619381008013226
17,36,0,0.021666313860628495
36,17,0,0.021666313860628547
9,27,1,0.021697820043276497
20,24,2,0.021698948113198464
5,31,2,0.021738129485189207
46,54,0,0.021748273659920696
54,46,0,0.02174827365992074
28,19,3,0.021749528999794307
21,24,2,0.02178081880883313
22,10,2,0.021852930360548653
54,25,3,0.021994285332494097
9,21,3,0.022087661248130486
5,38,2,0.02211601455311049
39,48,0,0.022193546155234698
29,22,3,0.022208699742257997
46,32,3,0.022482143540132178
58,34,1,0.022548136982408068
25,47,0,0.022553143889329472
47,25,0,0.022553143889329507
12,54,1,0.022555125094358152
58,27,1,0.022572221376083612
41,4,2,0.02258446980010355
6,14,0,0.022642375809754072
14,6,0,0.022642375809754114
36,0,1,0.02266173076282531
32,29,2,0.022662156766080386
12,32,1,0.022724096542001443
35,23,2,0.022732983333225574
14,39,0,0.022770962329971566
28,20,1,0.022795171711085086
30,21,1,0.022809763912197703
37,46,0,0.02292301922537651
0,53,2,0.022937069050635996
15,28,2,0.02298065370403512
58,35,1,0.02302862828913431
15,55,0,0.023052016074361612
55,15,0,0.023052016074361716
2,58,1,0.02305346483549579
37,27,2,0.023069360439197602
8,36,2,0.023177563683097875
22,37,0,0.023189495118349047
37,22,0,0.023189495118349196
31,43,3,0.023623505114449283
50,27,0,0.02379194398982227
27,50,0,0.02379194398982242
52,32,3,0.023810020788605904
4,14,0,0.023898004927469026
14,4,0,0.023898004927469154
35,24,1,0.02400274006917585
1,30,0,0.02419687779826953
30,1,0,0.024196877798269557
15,27,3,0.024240211107415727
28,35,0,0.024302700365568114
10,29,2,0.024365754612715455
21,30,3,0.02438197386931792
54,16,1,0.024422600436411434
15,46,0,0.02450218303182427
46,15,0,0.024502183031824297
22,47,1,0.02454157322119247
7,59,1,0.024577003507473157
26,17,0,0.024607038712360398
34,33,0,0.024628288123086955
3,38,1,0.024686044191457125
55,26,1,0.024765434684564252
38,36,0,0.024779162183136298
30,47,2,0.024780574400664647
29,45,1,0.024870757770529387
33,20,2,0.024896979640269212
15,49,0,0.024961849653559822
49,15,0,0.024961849653559832
43,27,0,0.025006655982244143
6,12,0,0.025213120954500456
12,6,0,0.025213120954500456
12,16,0,0.025293704862341556
16,12,0,0.02529370486234163
57,16,3,0.025590412012692923
55,28,2,0.025609684495464906
19,4,2,0.025655078150261572
6,23,0,0.02586703917311062
23,6,0,0.02586703917311064
55,33,3,0.0260408136834751
8,54,0,0.026235003492888972
54,8,0,0.026235003492889018
46,27,1,0.02626198689740866
4,17,2,0.02630689252296527
22,51,2,0.026343565968643012
20,31,3,0.026361976961904135
37,3,0,0.02638458923023578
3,37,0,0.026384589230235823
42,26,1,0.026444378722731223
11,27,1,0.026524146885991196
31,20,3,0.026609823517255153
23,54,0,0.026663133730723293
54,23,0,0.026663133730723293
28,26,3,0.026762091269675197
1,1,1,0.026815160565913165
30,8,1,0.026825366200012326
28,33,1,0.026977421477458158
18,48,1,0.027060729337425544
19,12,1,0.027363012318123596
52,27,2,0.027404276311009744
0,4,1,0.02749400498983946
42,13,2,0.027738171602249825
14,17,1,0.027754879594417296
41,51,0,0.027769404680043058
0,33,1,0.02778595990724557
0,22,2,0.02785387494021777
5,59,0,0.027935202093213915
59,5,0,0.027935202093213915
42,31,2,0.028073304174845774
0,44,0,0.028176660403664955
44,0,0,0.02817666040366503
35,29,3,0.028192611226695634
30,51,0,0.028239192894223466
51,30,0,0.028239192894223587
53,53,3,0.028341346717397797
34,15,1,0.028414059401765092
54,35,3,0.028473017279217246
27,3,2,0.028494818836527835
1,58,0,0.028547267691611273
58,1,0,0.028547267691611273
47,11,0,0.028644533231613593
40,32,2,0.028734594586890688
16,48,3,0.028773171504149268
41,21,3,0.02881403315009171
49,4,1,0.028845074323050047
1,15,0,0.028937534876781006
15,1,0,0.028937534876781006
40,31,3,0.028959807854701414
19,40,0,0.029089470929042648
40,19,0,0.029089470929042648
42,20,2,0.029106132062188175
2,8,2,0.029142510726130152
39,51,0,0.02915024406823977
51,39,0,0.029150244068239826
52,35,1,0.02923770695742849
30,38,0,0.02931916235598797
38,30,0,0.029319162355988082
7,41,1,0.029355403935132963
59,16,3,0.0294551225826793
38,17,2,0.02958528020057229
56,18,1,0.029759808591888048
17,55,1,0.029782554965807433
36,2,3,0.029892531547672498
23,8,1,0.03005231642495962
30,41,2,0.03010725974524647
37,50,1,0.03013630611834377
53,12,0,0.03023190016462954
12,53,0,0.030231900164629632
18,35,1,0.030233450974748024
6,20,3,0.03027169090999708
25,2,0,0.030299756964071993
2,25,0,0.030299756964072045
1,39,2,0.03030009424656717
26,5,1,0.03039279271839787
16,10,1,0.030437952393879066
18,47,1,0.030451599941534038
25,26,2,0.03064504792249343
54,12,1,0.030700468376389584
4,31,3,0.03072371628591755
46,2,3,0.03074264149867114
36,57,0,0.030785855149019378
57,36,0,0.030785855149019624
30,39,0,0.03086544181887655
57,46,0,0.030936231262611722
44,25,2,0.03098898859388382
26,22,1,0.03102466980667114
41,25,3,0.03136655469587038
3,20,1,0.03141419306241802
58,25,0,0.031449939494396686
25,58,0,0.03144993949439675
48,26,1,0.03148788042978778
27,37,1,0.031497558237687205
32,23,0,0.031583140574489556
23,32,0,0.031583140574489715
7,56,1,0.03160307398048743
29,23,1,0.03166296191871099
8,43,0,0.0319914551508829
43,8,0,0.0319914551508829
56,6,0,0.03201123612433104
6,56,0,0.03201123612433117
58,28,3,0.03203351194644712
29,17,1,0.032062202517118894
25,40,1,0.03220942882422503
46,33,0,0.03234984883581464
33,46,0,0.03234984883581465
19,38,0,0.03244719654614815
38,19,0,0.03244719654614815
21,50,0,0.03248106484864
50,21,0,0.03248106484864007
53,50,1,0.03257637579518818
37,36,1,0.032791072310068926
51,33,3,0.032818199323760074
12,42,3,0.032859938474168085
26,16,2,0.032881335414706545
29,35,1,0.033135733427402364
27,57,3,0.03317349574234971
21,12,2,0.033185231629445165
2,48,2,0.033220173193276234
21,23,0,0.03325320922826347
18,33,1,0.03327514118169479
1,28,1,0.03327721948977096
31,39,3,0.03346564183025748
47,22,0,0.033545156998556314
22,59,0,0.03356256123524045
59,22,0,0.03356256123524057
5,33,2,0.03358604768348364
20,33,3,0.03367746002223805
0,56,2,0.03374435125832629
21,11,2,0.03386425022174972
1,50,0,0.033900566452783616
50,1,0,0.03390056645278366
27,59,2,0.03398136886365186
53,28,2,0.034000929762129324
20,44,0,0.03405875614300664
44,20,0,0.0340587561430067
53,5,1,0.03407682646454838
50,2,3,0.03411967892354913
36,1,2,0.034210558650633514
13,5,0,0.03437861482297185
5,13,0,0.034378614822971956
25,28,3,0.03443853291375528
29,21,2,0.03460506712480225
42,24,3,0.0347173273404533
25,30,1,0.0347993117101663
31,54,3,0.034800591889925306
52,50,0,0.03501157715640395
50,52,0,0.035011577156403996
7,1,0,0.035018137731972265
12,43,3,0.03527678496209995
10,56,0,0.03536479104149849
56,10,0,0.035364791041498554
35,20,0,0.035366573492067836
11,26,3,0.03543653333286276
19,49,2,0.03554831190158177
3,3,1,0.035618658280324046
19,48,2,0.03568751916370591
6,16,2,0.035755439206697694
26,38,0,0.035997978711108956
38,26,0,0.03599797871110911
23,0,0,0.03601451978369303
41,14,1,0.03605757930272955
42,12,1,0.03631844838995669
55,54,1,0.0363822413714169
48,19,3,0.03638390557787223
39,36,0,0.03639303871494208
27,39,0,0.03641274129379803
39,27,0,0.03641274129379803
2,36,2,0.0364629009339308
0,55,2,0.03655358873579669
12,33,2,0.03660923839844057
3,25,2,0.03680442501702297
40,0,2,0.03682985526975823
52,31,3,0.03709041713373715
1,56,0,0.03709475805416898
56,1,0,0.037094758054169036
12,40,1,0.03733842478609868
42,22,1,0.03734073550283823
18,32,3,0.03734335371097635
15,54,3,0.03762290302932171
34,57,1,0.03767862632583649
21,33,2,0.03788038639464224
38,56,0,0.03794337046417443
56,38,0,0.03794337046417459
18,50,1,0.03802875330260117
20,52,0,0.03811001555249489
35,54,2,0.03831125328896005
50,58,3,0.03840275822586352
13,1,3,0.038409719173864
55,40,2,0.038484592664474404
15,30,2,0.038748788495786904
19,58,1,0.0389287291195954
55,11,2,0.03902472979836217
22,46,0,0.03913892303360101
46,22,0,0.03913892303360104
44,13,1,0.03922288777657827
27,24,2,0.039235506250108396
45,22,2,0.0393744268766561
24,51,2,0.039453562640782
4,46,0,0.039465174193487544
46,4,0,0.03946517419348761
2,55,0,0.03950326168011019
55,2,0,0.03950326168011019
42,14,0,0.039506681470011094
14,42,0,0.039506681470011316
31,6,0,0.03968914987300508
6,31,0,0.039689149873005536
56,0,2,0.039760993669489694
9,44,0,0.039789087199936214
44,9,0,0.03978908719993635
36,44,1,0.03986148135498454
54,37,0,0.03988446718244087
37,54,0,0.03988446718244118
10,51,0,0.039940777936275325
51,10,0,0.039940777936275325
38,5,0,0.039948441845034426
24,38,2,0.04000293898686628
8,46,0,0.04001377570688434
46,8,0,0.04001377570688434
52,26,1,0.04004223820011598
30,35,0,0.040093137178079934
28,1,2,0.04009361283575121
37,16,3,0.04015650300859052
34,54,0,0.0402610952139643
54,34,0,0.0402610952139643
26,40,1,0.04026744476013808
29,50,0,0.04070108636690217
50,29,0,0.040701086366902214
1,49,2,0.04085433350963159
7,47,1,0.04087301733517049
16,34,2,0.04104976637464825
58,36,3,0.04121061717663313
28,13,0,0.04131789991758932
13,28,0,0.041317899917589405
10,15,0,0.04138096213077886
17,43,3,0.0417448781949521
38,0,2,0.04200587632894583
34,11,1,0.04203882405138563
15,9,1,0.04239951805038987
39,8,0,0.0424682233583432
8,39,0,0.042468223358343334
19,39,3,0.04269704616821108
2,9,0,0.042796494033734304
9,2,0,0.04279649403373434
40,3,0,0.0428005876142719
34,27,0,0.042866828722024325
25,13,2,0.04290209125784197
0,30,1,0.042922632560001804
49,7,0,0.04294737034582192
20,58,0,0.04297958147693548
24,53,3,0.042989572684489115
22,0,3,0.04300729940246598
8,20,1,0.043222669132763895
36,19,3,0.04333719586839707
5,34,1,0.043365306190211096
28,52,1,0.04343395083752511
39,19,0,0.04345516476282134
1,0,0,0.04346108463829337
0,1,0,0.04346108463829338
20,17,2,0.043473481108909105
45,15,1,0.04349332376115622
46,58,1,0.043735983155727104
25,36,3,0.043774671376535325
19,43,2,0.043838475904333166
13,33,1,0.043840277057678324
16,26,0,0.04392914811660283
27,20,1,0.04393831465820312
56,46,1,0.043956207082523534
14,10,1,0.04403988773234912
7,17,1,0.044210578026473796
0,36,0,0.04425669676891857
50,19,3,0.04451658094918783
48,2,3,0.044725622955662944
47,1,3,0.04476037654808785
44,27,3,0.04477719220828266
18,13,2,0.04491245362781677
19,28,3,0.044941681364802505
56,17,2,0.04500214070643433
40,55,0,0.04549629479090889
58,45,3,0.04573896219374866
22,17,1,0.04585985019008315
27,47,2,0.04590036006493763
2,10,0,0.0459488000206569
10,2,0,0.04594880002065705
32,59,3,0.046004422253114435
4,10,2,0.046058353367893795
44,2,2,0.046092896530398754
35,2,0,0.04631289367644594
2,35,0,0.046312893676446074
29,40,2,0.04638376833690385
13,25,1,0.046498455226319665
23,4,0,0.04657681982635555
2,22,2,0.04660840995857029
42,7,0,0.04667564860402062
7,42,0,0.04667564860402077
44,26,1,0.04669772096770026
11,59,1,0.046815339076603436
22,2,2,0.04683687833423233
46,39,0,0.04695059810927842
35,18,2,0.04703914252426927
55,6,0,0.04721419694903252
6,55,0,0.04721419694903273
12,21,0,0.047327308569382935
4,11,0,0.0474695093605333
11,4,0,0.0474695093605333
59,7,0,0.047504139161911506
41,31,2,0.0475729903216522
8,55,1,0.04759472452281279
9,49,3,0.047597997981206244
20,0,2,0.04760343590037081
22,1,1,0.047634204803104666
14,0,0,0.04785010302404455
4,26,1,0.04785599493493637
50,25,2,0.04786295882118339
43,35,3,0.047875845703716766
30,48,2,0.047899247008251565
3,54,1,0.04806952012521927
2,15,2,0.04810073117696278
9,42,1,0.04813001433631928
52,34,0,0.04814606878054739
34,52,0,0.04814606878054752
25,57,2,0.04818834005125716
18,27,0,0.04845762930140148
27,18,0,0.04845762930140175
15,11,1,0.04852885472928123
7,50,0,0.04859192024400211
50,7,0,0.04859192024400211
51,43,2,0.04906456542733349
21,2,2,0.04927185139148876
17,6,1,0.049378901524529166
48,36,1,0.04981932751621944
41,11,2,0.04997333860732818
